代號,名稱,年/月,平均售貨天數
000980,元大證券,2024/06,
1101,台泥,2024/06,52.03
1102,亞泥,2024/06,39.56
1103,嘉泥,2024/06,17.47
1104,環泥,2024/06,21.86
1108,幸福,2024/06,391.49
1109,信大,2024/06,88.25
1110,東泥,2024/06,233.7
1201,味全,2024/06,40.58
1203,味王,2024/06,141.66
1210,大成,2024/06,37.81
1213,大飲,2024/06,25.15
1215,卜蜂,2024/06,41.58
1216,統一,2024/06,47.22
1217,愛之味,2024/06,98.81
1218,泰山,2024/06,52.5
1219,福壽,2024/06,79.88
1220,台榮,2024/06,79.53
1225,福懋油,2024/06,63.27
1227,佳格,2024/06,102.79
1229,聯華,2024/06,51.3
1231,聯華食,2024/06,72.91
1232,大統益,2024/06,51.66
1233,天仁,2024/06,118.83
1234,黑松,2024/06,283.88
1235,興泰,2024/06,107.92
1236,宏亞,2024/06,70.55
1240,茂生農經,2024/06,28.99
1256,鮮活果汁-KY,2024/06,54.34
1259,安心,2024/06,5.07
1260,富味鄉,2024/06,172.24
1264,德麥,2024/06,74.04
1268,漢來美食,2024/06,19.51
1269,乾杯,2024/06,38.01
1271,晨暉生技,2024/06,173
1293,利統,2024/06,142.57
1294,漢田生技,2024/06,69.73
1295,生合,2024/06,147.32
1301,台塑,2024/06,45.87
1303,南亞,2024/06,78.88
1304,台聚,2024/06,54.54
1305,華夏,2024/06,86.06
1307,三芳,2024/06,84.94
1308,亞聚,2024/06,39.14
1309,台達化,2024/06,24.69
1310,台苯,2024/06,22.54
1312,國喬,2024/06,56.95
1313,聯成,2024/06,45.12
1314,中石化,2024/06,560.13
1315,達新,2024/06,129.32
1316,上曜,2024/06,"3,668.05"
1319,東陽,2024/06,62.75
1321,大洋,2024/06,38.04
1323,永裕,2024/06,79.51
1324,地球,2024/06,93.86
1325,琱j,2024/06,82.54
1326,台化,2024/06,48.37
1336,台翰,2024/06,28.15
1337,再生-KY,2024/06,48.59
1339,昭輝,2024/06,103.6
1341,富林-KY,2024/06,105.13
1342,八貫,2024/06,185.14
1343,旭東環保,2024/06,43.3
1402,遠東新,2024/06,80.01
1408,中紡,2024/06,97
1409,新纖,2024/06,63.15
1410,南染,2024/06,75.61
1413,宏洲,2024/06,59.35
1414,東和,2024/06,302.98
1416,廣豐,2024/06,"1,176.04"
1417,嘉裕,2024/06,214.73
1418,東華,2024/06,113.06
1419,新紡,2024/06,158.42
1423,利華,2024/06,522.62
1432,大魯閣,2024/06,200.45
1434,福懋,2024/06,103.8
1435,中福,2024/06,"1,068.67"
1436,華友聯,2024/06,"2,098.8"
1437,勤益控,2024/06,70.22
1438,三地開發,2024/06,"770,180.57"
1439,雋揚,2024/06,"9,501.46"
1440,南紡,2024/06,139.26
1441,大東,2024/06,79.29
1442,名軒,2024/06,888.86
1443,立益物流,2024/06,35.06
1444,力麗,2024/06,151.78
1445,大宇,2024/06,146.99
1446,宏和,2024/06,825.46
1447,力鵬,2024/06,28.29
1449,佳和,2024/06,217.83
1451,年興,2024/06,109.56
1452,宏益,2024/06,56.83
1453,大將,2024/06,"708,070.51"
1454,台富,2024/06,118.85
1455,集盛,2024/06,75.46
1456,怡華,2024/06,"4,576.43"
1457,宜進,2024/06,63.02
1459,聯發,2024/06,41.36
1460,宏遠,2024/06,267.43
1463,強盛,2024/06,712.36
1464,得力,2024/06,143.21
1465,偉全,2024/06,152.9
1466,聚隆,2024/06,111.54
1467,南緯,2024/06,95.09
1468,昶和,2024/06,375.82
1470,大統新創,2024/06,89.88
1471,首利,2024/06,97.95
1472,三洋實業,2024/06,0
1473,台南,2024/06,61.17
1474,弘裕,2024/06,109.07
1475,業旺,2024/06,17.22
1476,儒鴻,2024/06,72.65
1477,聚陽,2024/06,79.52
1480,東盟開發,2024/06,88.99
1503,士電,2024/06,108.34
1504,東元,2024/06,100.86
1506,正道,2024/06,152.74
1512,瑞利,2024/06,156.89
1513,中興電,2024/06,187.7
1514,亞力,2024/06,134.39
1515,力山,2024/06,37.47
1516,川飛,2024/06,0
1517,利奇,2024/06,194.1
1519,華城,2024/06,232
1521,大億,2024/06,103.03
1522,堤維西,2024/06,135.38
1524,耿鼎,2024/06,135.54
1525,江申,2024/06,64.15
1526,日馳,2024/06,829.5
1527,鑽全,2024/06,90.98
1528,恩德,2024/06,191.4
1529,樂事綠能,2024/06,117.97
1530,亞崴,2024/06,427.42
1531,高林股,2024/06,261.37
1532,勤美,2024/06,460.98
1533,車王電,2024/06,270.34
1535,中宇,2024/06,0.87
1536,和大,2024/06,212.35
1537,廣隆,2024/06,113.5
1538,正峰,2024/06,155.7
1539,巨庭,2024/06,124.25
1540,喬福,2024/06,200.34
1541,錩泰,2024/06,144.01
1557,金豐,2024/06,229.88
1558,伸興,2024/06,92.43
1560,中砂,2024/06,160.35
1563,巧新,2024/06,389.03
1565,精華,2024/06,124.46
1568,倉佑,2024/06,153.44
1569,濱川,2024/06,110.7
1570,力肯,2024/06,148.8
1580,新麥,2024/06,116.16
1582,信錦,2024/06,40.13
1583,程泰,2024/06,410.55
1584,精剛,2024/06,314.51
1585,鎧鉅,2024/06,285.01
1586,和勤,2024/06,96.97
1587,吉茂,2024/06,174.71
1593,祺驊,2024/06,78.49
1594,日高,2024/06,0
1595,川寶,2024/06,880.49
1597,直得,2024/06,387.36
1598,岱宇,2024/06,208.97
1599,宏佳騰,2024/06,144.36
1602,太電,2024/06,91.34
1603,華電,2024/06,173.56
1604,聲寶,2024/06,73.01
1605,華新,2024/06,80.97
1608,華榮,2024/06,148.93
1609,大亞,2024/06,89.62
1611,中電,2024/06,219.28
1612,宏泰,2024/06,122.84
1613,台一,2024/06,61.83
1614,三洋電,2024/06,97.08
1615,大山,2024/06,69.46
1616,億泰,2024/06,97.56
1617,榮星,2024/06,40.42
1618,合機,2024/06,154.19
1623,大東電,2024/06,143.79
1626,艾美特-KY,2024/06,95.88
1701,中化,2024/06,165.45
1702,南僑,2024/06,78.01
1707,葡萄王,2024/06,112.2
1708,東鹼,2024/06,44.76
1709,和益,2024/06,121.03
1710,東聯,2024/06,23.74
1711,永光,2024/06,187.27
1712,興農,2024/06,71.07
1713,國化,2024/06,163.78
1714,和桐,2024/06,51.85
1716,永信藥品,2024/06,290.6
1717,長興,2024/06,91.66
1718,中纖,2024/06,20.52
1720,生達,2024/06,159.92
1721,三晃,2024/06,130.65
1722,台肥,2024/06,82.3
1723,中碳,2024/06,78.41
1725,元禎,2024/06,6.64
1726,永記,2024/06,127.47
1727,中華化,2024/06,61.16
1730,花仙子,2024/06,84.09
1731,美吾華,2024/06,181.26
1732,毛寶,2024/06,100.21
1733,五鼎,2024/06,197.43
1734,杏輝,2024/06,162.6
1735,日勝化,2024/06,97.62
1736,喬山,2024/06,207.6
1737,臺鹽,2024/06,75.81
1742,台蠟,2024/06,63.35
1752,南光,2024/06,177.9
1760,寶齡富錦,2024/06,211.92
1762,中化生,2024/06,450.54
1773,勝一,2024/06,79.75
1776,展宇,2024/06,110.01
1777,生泰,2024/06,240.15
1780,立弘,2024/06,351.3
1781,合世,2024/06,123.78
1783,和康生,2024/06,145.34
1784,訊聯,2024/06,43.71
1785,光洋科,2024/06,187.23
1786,科妍,2024/06,154.42
1788,杏昌,2024/06,76.46
1789,神隆,2024/06,302.27
1795,美時,2024/06,183.68
1796,金穎生技,2024/06,157.58
1799,易威,2024/06,226.15
1802,台玻,2024/06,115.65
1805,寶徠,2024/06,"33,850.18"
1806,冠軍,2024/06,139.73
1808,潤隆,2024/06,"1,385.05"
1809,中釉,2024/06,120.59
1810,和成,2024/06,171.77
1813,寶利徠,2024/06,161.43
1815,富喬,2024/06,146.33
1817,凱撒衛,2024/06,160.27
1819,豐鼎,2024/06,305.71
1903,士紙,2024/06,85.32
1904,正隆,2024/06,102.27
1905,華紙,2024/06,98.66
1906,寶隆,2024/06,5.14
1907,永豐餘,2024/06,66.95
1909,榮成,2024/06,26.85
2002,中鋼,2024/06,120.65
2006,東和鋼鐵,2024/06,137.39
2007,燁興,2024/06,64.93
2008,高興昌,2024/06,195.13
2009,第一銅,2024/06,234
2010,春源,2024/06,65.93
2012,春雨,2024/06,175.15
2013,中鋼構,2024/06,30.06
2014,中鴻,2024/06,89.97
2015,豐興,2024/06,92.7
2017,官田鋼,2024/06,127.1
2020,美亞,2024/06,193.45
2022,聚亨,2024/06,125.54
2023,燁輝,2024/06,54.03
2024,志聯,2024/06,155.3
2025,千興,2024/06,143.56
2027,大成鋼,2024/06,260.93
2028,威致,2024/06,121.25
2029,盛餘,2024/06,58.55
2030,彰源,2024/06,137.33
2031,新光鋼,2024/06,179.86
2032,新鋼,2024/06,39.63
2033,佳大,2024/06,190.79
2034,允強,2024/06,144.95
2035,唐榮,2024/06,68.76
2038,海光,2024/06,94.31
2049,上銀,2024/06,164.04
2056,璋釔,2024/06,74.53
2059,川湖,2024/06,129.7
2061,風青,2024/06,45.86
2062,橋椿,2024/06,81.97
2063,世鎧,2024/06,201.9
2064,晉椿,2024/06,75.24
2065,世豐,2024/06,105.77
2066,世德,2024/06,219
2067,嘉鋼,2024/06,87.54
2069,運錩,2024/06,98.05
2070,精湛,2024/06,309.37
2071,震南鐵,2024/06,134.8
2072,世紀風電,2024/06,4.12
2073,雄順,2024/06,3.28
2101,南港,2024/06,"1,378.21"
2102,泰豐,2024/06,118.9
2103,台橡,2024/06,79.47
2104,國際中橡,2024/06,62.28
2105,正新,2024/06,86.21
2106,建大,2024/06,133.27
2107,厚生,2024/06,"1,016.3"
2108,南帝,2024/06,61.17
2109,華豐,2024/06,98.1
2114,鑫永銓,2024/06,82
2115,六暉-KY,2024/06,88.97
2201,裕隆,2024/06,81.11
2204,中華,2024/06,40.27
2206,三陽工業,2024/06,66.72
2207,和泰車,2024/06,26.24
2208,台船,2024/06,118.7
2211,長榮鋼,2024/06,174.25
2221,大甲,2024/06,181.78
2227,裕日車,2024/06,0
2228,劍麟,2024/06,103.26
2230,泰茂,2024/06,109.15
2231,為升,2024/06,164.35
2233,宇隆,2024/06,120.18
2235,謚源,2024/06,152.12
2237,華德動能,2024/06,198.21
2241,艾姆勒,2024/06,191.47
2245,詠勝昌,2024/06,174.73
2246,凱勝綠能,2024/06,243.09
2247,汎德永業,2024/06,31.95
2248,華勝-KY,2024/06,83.56
2249,湧盛,2024/06,50.69
2250,IKKA-KY,2024/06,50.52
2252,為昇科,2024/06,112.81
2254,巨鎧精密-創,2024/06,112.29
2255,凱銳光電,2024/06,186.76
2256,歐特明,2024/06,133.56
2258,鴻華先進-創,2024/06,32.12
2301,光寶科,2024/06,95.29
2302,麗正,2024/06,102.29
2303,聯電,2024/06,87.95
2305,全友,2024/06,108.1
2308,台達電,2024/06,103.55
2312,金寶,2024/06,52.03
2313,華通,2024/06,56.89
2314,台揚,2024/06,329.83
2316,楠梓電,2024/06,96.04
2317,鴻海,2024/06,52.04
2321,東訊,2024/06,85
2323,中環,2024/06,186.58
2324,仁寶,2024/06,39.6
2327,國巨,2024/06,124.17
2328,廣宇,2024/06,76.53
2329,華泰,2024/06,45.73
2330,台積電,2024/06,80.26
2331,精英,2024/06,53.47
2332,友訊,2024/06,101.36
2337,旺宏,2024/06,267.8
2338,光罩,2024/06,43.74
2340,台亞,2024/06,143.54
2342,茂矽,2024/06,76.48
2344,華邦電,2024/06,145.64
2345,智邦,2024/06,80.17
2347,聯強,2024/06,45.8
2348,海悅,2024/06,"1,366.25"
2349,錸德,2024/06,87.8
2351,順德,2024/06,159.96
2352,佳世達,2024/06,86.43
2353,宏,2024/06,79.51
2354,鴻準,2024/06,31.12
2355,敬鵬,2024/06,82.54
2356,英業達,2024/06,42.49
2357,華碩,2024/06,115.43
2359,所羅門,2024/06,280.02
2360,致茂,2024/06,211.74
2362,藍天,2024/06,63.41
2363,矽統,2024/06,325.66
2364,倫飛,2024/06,144.64
2365,昆盈,2024/06,93.99
2367,燿華,2024/06,57.81
2368,金像電,2024/06,86.81
2369,菱生,2024/06,18.99
2371,大同,2024/06,178.27
2373,震旦行,2024/06,76.41
2374,佳能,2024/06,69.83
2375,凱美,2024/06,115.99
2376,技嘉,2024/06,58.2
2377,微星,2024/06,83.72
2379,瑞昱,2024/06,84.2
2380,虹光,2024/06,121.93
2382,廣達,2024/06,53.92
2383,台光電,2024/06,62.1
2384,勝華,2024/06,0
2385,群光,2024/06,72.19
2387,精元,2024/06,52.88
2388,威盛,2024/06,114.59
2390,云辰,2024/06,425.11
2392,正崴,2024/06,72.25
2393,億光,2024/06,24.41
2395,研華,2024/06,101.69
2397,友通,2024/06,109.49
2399,映泰,2024/06,117.49
2401,凌陽,2024/06,146.17
2402,毅嘉,2024/06,56.48
2404,漢唐,2024/06,0.25
2405,輔信,2024/06,230.84
2406,國碩,2024/06,72.22
2408,南亞科,2024/06,265.72
2409,友達,2024/06,45.81
2412,中華電,2024/06,30.35
2413,環科,2024/06,226.72
2414,精技,2024/06,35.43
2415,錩新,2024/06,63.1
2417,圓剛,2024/06,161
2419,仲琦,2024/06,165.8
2420,新巨,2024/06,178.18
2421,建準,2024/06,78.39
2423,固緯,2024/06,270.21
2424,隴華,2024/06,23.78
2425,承啟,2024/06,56.56
2426,鼎元,2024/06,125.02
2427,三商電,2024/06,268.5
2428,興勤,2024/06,119.04
2429,銘旺科,2024/06,42.41
2430,燦坤,2024/06,59.82
2431,聯昌,2024/06,84.44
2432,倚天酷-創,2024/06,20.09
2433,互盛電,2024/06,41.98
2434,統懋,2024/06,53.53
2436,偉詮電,2024/06,132.05
2438,翔耀,2024/06,66.52
2439,美律,2024/06,50.39
2440,太空梭,2024/06,21.32
2441,超豐,2024/06,29.06
2442,新美齊,2024/06,"7,384.81"
2444,兆勁,2024/06,147.31
2449,京元電子,2024/06,21.94
2450,神腦,2024/06,30.59
2451,創見,2024/06,290.44
2453,凌群,2024/06,45.66
2454,聯發科,2024/06,68.45
2455,全新,2024/06,95.89
2457,飛宏,2024/06,128.48
2458,義隆,2024/06,115.13
2459,敦吉,2024/06,50.01
2460,建通,2024/06,137.16
2461,光群雷,2024/06,107.06
2462,良得電,2024/06,83.33
2464,盟立,2024/06,62.9
2465,麗臺,2024/06,182.37
2466,冠西電,2024/06,294.65
2467,志聖,2024/06,92.24
2468,華經,2024/06,40.11
2471,資通,2024/06,0
2472,立隆電,2024/06,73.09
2474,可成,2024/06,60.86
2476,鉅祥,2024/06,72.32
2477,美隆電,2024/06,107.84
2478,大毅,2024/06,183.38
2480,敦陽科,2024/06,163.21
2481,強茂,2024/06,116.96
2482,連宇,2024/06,524.81
2483,百容,2024/06,85.86
2484,希華,2024/06,206.33
2485,兆赫,2024/06,158.98
2486,一詮,2024/06,99.61
2488,漢平,2024/06,100.91
2489,瑞軒,2024/06,58.02
2491,吉祥全,2024/06,912.96
2492,華新科,2024/06,94.42
2493,揚博,2024/06,159.18
2495,普安,2024/06,308.24
2496,卓越,2024/06,3.83
2497,怡利電,2024/06,122.56
2498,宏達電,2024/06,265.2
2501,國建,2024/06,974.21
2504,國產,2024/06,14.54
2505,國揚,2024/06,"9,385.73"
2506,太設,2024/06,"1,331.1"
2509,全坤建,2024/06,"1,838.89"
2511,太子,2024/06,408.51
2514,龍邦,2024/06,88.45
2515,中工,2024/06,512.5
2516,新建,2024/06,7.73
2520,冠德,2024/06,439.18
2524,京城,2024/06,"5,607.64"
2527,宏璟,2024/06,"4,783.23"
2528,皇普,2024/06,"27,411,858.06"
2530,華建,2024/06,"2,697.63"
2534,宏盛,2024/06,"8,663.08"
2535,達欣工,2024/06,221.76
2536,宏普,2024/06,"15,748.75"
2537,聯上發,2024/06,"2,551.67"
2538,基泰,2024/06,"5,139.14"
2539,櫻花建,2024/06,"5,127.96"
2540,愛山林,2024/06,"1,703.84"
2542,興富發,2024/06,"3,027.57"
2543,皇昌,2024/06,0.23
2545,皇翔,2024/06,"1,752.97"
2546,根基,2024/06,0
2547,日勝生,2024/06,807.94
2548,華固,2024/06,"5,949.67"
2596,綠意,2024/06,"3,519.93"
2597,潤弘,2024/06,14.14
2599,樂揚,2024/06,"60,093.71"
2601,益航,2024/06,362.57
2603,長榮,2024/06,0.88
2605,新興,2024/06,0
2606,裕民,2024/06,0
2607,榮運,2024/06,0
2608,嘉里大榮,2024/06,2.61
2609,陽明,2024/06,0
2610,華航,2024/06,0
2611,志信,2024/06,202.95
2612,中航,2024/06,6.04
2613,中櫃,2024/06,24.71
2614,東森,2024/06,40.31
2615,萬海,2024/06,0
2616,山隆,2024/06,7.08
2617,台航,2024/06,0
2618,長榮航,2024/06,0
2630,亞航,2024/06,82.6
2633,台灣高鐵,2024/06,35.72
2634,漢翔,2024/06,166.59
2636,台驊投控,2024/06,0
2637,慧洋-KY,2024/06,1.46
2640,大車隊,2024/06,6.28
2641,正德,2024/06,342.95
2642,宅配通,2024/06,1.16
2643,捷迅,2024/06,0
2644,中信造船,2024/06,55.5
2645,長榮航太,2024/06,70.18
2646,星宇航空,2024/06,0
2701,萬企,2024/06,0
2702,華園,2024/06,1.34
2704,國賓,2024/06,204.37
2705,六福,2024/06,12.96
2706,第一店,2024/06,0
2707,晶華,2024/06,2.06
2712,遠雄來,2024/06,3.91
2718,晶悅,2024/06,"2,631.93"
2719,燦星旅,2024/06,0
2722,夏都,2024/06,9.94
2727,王品,2024/06,47.76
2729,瓦城,2024/06,27.8
2731,雄獅,2024/06,0
2732,六角,2024/06,42.49
2733,維格餅家,2024/06,56.34
2734,易飛網,2024/06,14.37
2736,富野,2024/06,5.75
2739,寒舍,2024/06,9.71
2740,天蔥,2024/06,22.82
2741,老四川,2024/06,32.72
2743,山富,2024/06,0
2745,五福,2024/06,0
2748,雲品,2024/06,115.49
2750,桃禧,2024/06,3.85
2751,王座,2024/06,22.36
2752,豆府,2024/06,8.97
2753,八方雲集,2024/06,17.98
2754,亞洲藏壽司,2024/06,3.85
2755,揚秦,2024/06,12.52
2756,聯發國際,2024/06,53.01
2758,路易莎咖啡,2024/06,14.73
2760,巨宇翔,2024/06,4.03
2761,橘焱胡同,2024/06,16.17
2801,彰銀,2024/06,
2809,京城銀,2024/06,
2812,台中銀,2024/06,
2823,凱基人壽,2024/06,
2834,臺企銀,2024/06,
2837,凱基銀行,2024/06,
2848,華南保,2024/06,
2851,中再保,2024/06,
2856,元富證,2024/06,
2867,三商壽,2024/06,
2882,國泰金,2024/06,
2884,玉山金,2024/06,
2885,元大金,2024/06,
2890,永豐金,2024/06,
2891,中信金,2024/06,
2901,欣欣,2024/06,71.24
2903,遠百,2024/06,52.8
2904,匯僑,2024/06,0
2905,三商,2024/06,10.83
2906,高林,2024/06,87.69
2908,特力,2024/06,77.39
2910,統領,2024/06,272.43
2911,麗嬰房,2024/06,196.06
2912,統一超,2024/06,36.87
2913,農林,2024/06,"1,468.88"
2915,潤泰全,2024/06,101.95
2916,滿心,2024/06,278.36
2920,海景,2024/06,0.67
2923,鼎固-KY,2024/06,"4,010.75"
2926,誠品生活,2024/06,116.12
2937,集雅社,2024/06,114.35
2938,床的世界,2024/06,144.88
2941,米斯特,2024/06,120.99
2942,京站,2024/06,11.24
2945,三商家購,2024/06,59.8
2947,振宇五金,2024/06,155.29
2948,寶陞,2024/06,333.5
2949,欣新網,2024/06,51.61
3002,歐格,2024/06,178.51
3003,健和興,2024/06,185.73
3004,豐達科,2024/06,207.45
3005,神基,2024/06,94.22
3006,晶豪科,2024/06,202.03
3008,大立光,2024/06,80.02
3010,華立,2024/06,24.28
3011,今皓,2024/06,87.63
3013,晟銘電,2024/06,49.3
3014,聯陽,2024/06,96.85
3015,全漢,2024/06,89.65
3016,嘉晶,2024/06,87.22
3017,奇鋐,2024/06,141.52
3018,隆銘綠能,2024/06,0
3019,亞光,2024/06,65.52
3021,鴻名,2024/06,77.47
3022,威強電,2024/06,110.17
3023,信邦,2024/06,135
3024,憶聲,2024/06,530.51
3025,星通,2024/06,852.32
3026,禾伸堂,2024/06,102.87
3027,盛達,2024/06,78.22
3028,增你強,2024/06,96.09
3029,零壹,2024/06,30.5
3030,德律,2024/06,182.14
3031,佰鴻,2024/06,71.1
3032,偉訓,2024/06,81.46
3033,威健,2024/06,91.98
3034,聯詠,2024/06,55.9
3035,智原,2024/06,69.31
3036,文曄,2024/06,50.08
3037,欣興,2024/06,47.53
3038,全台,2024/06,95.77
3040,遠見,2024/06,159.92
3041,揚智,2024/06,111.49
3042,晶技,2024/06,134.22
3043,科風,2024/06,212.29
3044,健鼎,2024/06,61.01
3045,台灣大,2024/06,17.6
3046,建,2024/06,6.33
3047,訊舟,2024/06,141.1
3048,益登,2024/06,47.52
3049,精金,2024/06,23.85
3050,鈺德,2024/06,27.3
3051,力特,2024/06,235.68
3052,夆典,2024/06,757.73
3054,立萬利,2024/06,208.19
3055,蔚華科,2024/06,47.1
3056,富華新,2024/06,"35,606.89"
3057,喬鼎,2024/06,396.67
3058,立德,2024/06,103.15
3059,華晶科,2024/06,130.98
3060,銘異,2024/06,98.94
3062,建漢,2024/06,115.83
3064,泰偉,2024/06,82.35
3066,李洲,2024/06,62.1
3067,全域,2024/06,66.31
3071,協禧,2024/06,64.42
3073,天方能源,2024/06,271.82
3078,僑威,2024/06,87.3
3081,聯亞,2024/06,109.98
3083,網龍,2024/06,0
3085,新零售,2024/06,39.21
3086,華義,2024/06,0.69
3088,艾訊,2024/06,164.7
3090,日電貿,2024/06,72.11
3092,鴻碩,2024/06,123.93
3093,港建*,2024/06,57.99
3094,聯傑,2024/06,209.14
3095,及成,2024/06,50.85
3097,拍檔,2024/06,115.96
3105,穩懋,2024/06,133.42
3114,好德,2024/06,40.11
3115,富榮綱,2024/06,89.35
3117,年程,2024/06,95.42
3118,進階,2024/06,68.94
3122,笙泉,2024/06,120.37
3128,昇銳,2024/06,138.43
3130,一零四,2024/06,0
3131,弘塑,2024/06,310.02
3135,凌航,2024/06,69.67
3138,耀登,2024/06,107.87
3141,晶宏,2024/06,322.38
3147,大綜,2024/06,25.58
3149,正達,2024/06,29.72
3150,鈺寶-創,2024/06,147.4
3152,璟德,2024/06,72.1
3158,嘉實,2024/06,0
3162,精確,2024/06,65.25
3163,波若威,2024/06,53.33
3164,景岳,2024/06,227.59
3167,大量,2024/06,247.99
3168,眾福科,2024/06,82.3
3169,亞信,2024/06,89.15
3171,新洲,2024/06,22.06
3176,基亞,2024/06,441.27
3178,公準,2024/06,130.95
3184,微邦,2024/06,112.83
3188,鑫龍騰,2024/06,"2,247.38"
3189,景碩,2024/06,49.99
3191,雲嘉南,2024/06,96.08
3202,樺晟,2024/06,80.19
3205,佰研,2024/06,29.21
3206,志豐,2024/06,38.89
3207,耀勝,2024/06,59.3
3209,全科,2024/06,90.97
3211,順達,2024/06,40.18
3213,茂訊,2024/06,221.29
3217,優群,2024/06,118.69
3218,大學光,2024/06,63.84
3219,倚強科,2024/06,136.88
3221,台嘉碩,2024/06,85.26
3224,三顧,2024/06,19.75
3226,至寶電,2024/06,36.56
3227,原相,2024/06,91.86
3228,金麗科,2024/06,494.59
3229,晟鈦,2024/06,90.36
3230,錦明,2024/06,39.7
3231,緯創,2024/06,59.16
3232,昱捷,2024/06,44.99
3234,光環,2024/06,185.96
3236,千如,2024/06,66
3252,海灣,2024/06,345.62
3257,虹冠電,2024/06,298.54
3259,鑫創,2024/06,404.94
3260,威剛,2024/06,193.05
3264,欣銓,2024/06,0
3265,台星科,2024/06,12.56
3266,昇陽,2024/06,"1,749.41"
3268,海德威,2024/06,9.91
3272,東碩,2024/06,109.32
3276,宇環,2024/06,29.63
3284,太普高,2024/06,274.92
3285,微端,2024/06,61.56
3287,廣寰科,2024/06,139.75
3288,點晶,2024/06,"1,446.08"
3289,宜特,2024/06,0
3290,東浦,2024/06,65.32
3293,鈊象,2024/06,75.36
3294,英濟,2024/06,42.21
3296,勝德,2024/06,64.53
3297,杭特,2024/06,130.98
3303,岱稜,2024/06,101.73
3305,昇貿,2024/06,85.03
3306,鼎天,2024/06,44.45
3308,聯德,2024/06,873.15
3310,佳穎,2024/06,"1,336.94"
3311,閎暉,2024/06,52.58
3312,弘憶股,2024/06,26.21
3313,斐成,2024/06,"5,343.74"
3317,尼克森,2024/06,155.46
3321,同泰,2024/06,48.25
3322,建舜電,2024/06,70.11
3323,加百裕,2024/06,65.6
3324,雙鴻,2024/06,82.86
3325,旭品,2024/06,73.96
3332,幸康,2024/06,194.2
3338,泰碩,2024/06,42.02
3339,泰谷,2024/06,89.89
3342,飛虹科,2024/06,148.52
3346,麗清,2024/06,106.81
3349,寶德,2024/06,46.62
3354,律勝,2024/06,43.48
3356,奇偶,2024/06,266.93
3357,臺慶科,2024/06,75.81
3360,尚立,2024/06,22.84
3362,先進光,2024/06,113.89
3363,上詮,2024/06,84.8
3369,鐵研,2024/06,139.41
3372,典範,2024/06,58.79
3373,熱映,2024/06,538.25
3374,精材,2024/06,17.64
3376,新日興,2024/06,65.48
3379,彬台,2024/06,107.65
3380,明泰,2024/06,146.48
3388,崇越電,2024/06,48.18
3390,旭軟,2024/06,53.44
3402,漢科,2024/06,83.81
3406,玉晶光,2024/06,65.17
3413,京鼎,2024/06,97.78
3416,融程電,2024/06,108.04
3419,譁裕,2024/06,54.37
3426,台興,2024/06,41.35
3430,奇鈦科,2024/06,155.09
3432,台端,2024/06,5.49
3434,哲固,2024/06,88.3
3437,榮創,2024/06,40.33
3438,類比科,2024/06,82.94
3441,聯一光,2024/06,303.76
3443,創意,2024/06,95.54
3444,利機,2024/06,26.22
3447,展達,2024/06,165.52
3450,聯鈞,2024/06,33.16
3454,晶睿,2024/06,116.75
3455,由田,2024/06,428.32
3465,進泰電子,2024/06,132.92
3466,德晉,2024/06,134
3467,台灣精材,2024/06,109.29
3479,安勤,2024/06,80.75
3481,群創,2024/06,69.11
3483,力致,2024/06,70.09
3484,崧騰,2024/06,97.62
3485,敘豐,2024/06,297.35
3489,森寶,2024/06,"1,475.92"
3490,單井,2024/06,123.68
3491,昇達科,2024/06,62.91
3492,長盛,2024/06,98.82
3494,誠研,2024/06,117.86
3498,陽程,2024/06,343.03
3499,環天科,2024/06,246.2
3501,維熹,2024/06,145.63
3504,揚明光,2024/06,70.61
3507,力群,2024/06,158.18
3508,位速,2024/06,68.44
3511,矽瑪,2024/06,87.26
3512,皇龍,2024/06,"1,427.95"
3515,華擎,2024/06,171.64
3516,亞帝歐,2024/06,58.72
3518,柏騰,2024/06,27.41
3520,華盈,2024/06,72.07
3521,鴻翊,2024/06,595.34
3522,御頂,2024/06,18.08
3523,迎輝,2024/06,53.62
3526,凡甲,2024/06,50.26
3527,聚積,2024/06,148.77
3528,安馳,2024/06,277.11
3529,力旺,2024/06,-888
3530,晶相光,2024/06,356.13
3531,先益,2024/06,104.72
3532,台勝科,2024/06,135.72
3533,嘉澤,2024/06,77.48
3535,晶彩科,2024/06,131.07
3537,堡達,2024/06,50.5
3540,曜越,2024/06,228.48
3541,西柏,2024/06,262.08
3543,州巧,2024/06,30.86
3545,敦泰,2024/06,100.47
3546,宇峻,2024/06,0
3548,兆利,2024/06,39.17
3550,聯穎,2024/06,39.43
3551,世禾,2024/06,29.31
3552,同致,2024/06,76.9
3555,博士旺,2024/06,48.75
3556,禾瑞亞,2024/06,403.12
3557,嘉威,2024/06,70.82
3558,神準,2024/06,102.2
3563,牧德,2024/06,189.43
3564,其陽,2024/06,166.63
3567,逸昌,2024/06,0
3570,大塚,2024/06,44.71
3572,宏芯,2024/06,168.91
3576,聯合再生,2024/06,93.84
3577,泓格,2024/06,465.4
3580,友威科,2024/06,180.64
3581,博磊,2024/06,201.62
3583,辛耘,2024/06,555.99
3585,聯致,2024/06,68.12
3587,閎康,2024/06,0
3588,通嘉,2024/06,261.54
3591,艾笛森,2024/06,63.06
3592,瑞鼎,2024/06,42.44
3593,力銘,2024/06,44.18
3594,磐儀,2024/06,209
3595,山太士,2024/06,93.08
3596,智易,2024/06,109.79
3597,映興,2024/06,73.32
3601,前源,2024/06,72.12
3603,建祥國際,2024/06,90.39
3605,宏致,2024/06,65.74
3607,谷崧,2024/06,45.7
3609,三一東林,2024/06,219.29
3611,鼎翰,2024/06,106.81
3615,安可,2024/06,75.92
3617,碩天,2024/06,187.94
3622,洋華,2024/06,113.25
3623,富晶通,2024/06,54.35
3624,光頡,2024/06,149.25
3625,西勝,2024/06,48.81
3627,華信科,2024/06,81.76
3628,盈正,2024/06,245.04
3629,地心引力,2024/06,0
3630,新鉅科,2024/06,71.86
3631,晟楠,2024/06,"3,702.54"
3632,研勤,2024/06,76
3633,云光,2024/06,31.32
3645,達邁,2024/06,106.54
3646,艾恩特,2024/06,102.77
3652,精聯,2024/06,89.01
3653,健策,2024/06,121.84
3656,聯勝,2024/06,151.85
3659,百辰,2024/06,113.95
3663,鑫科,2024/06,86
3666,光耀,2024/06,75.78
3669,圓展,2024/06,121.08
3672,康聯訊,2024/06,357.38
3675,德微,2024/06,59.54
3678,聯享,2024/06,109.25
3679,新至陞,2024/06,47.44
3680,家登,2024/06,202.97
3684,榮昌,2024/06,37.79
3685,元創精密,2024/06,90.67
3686,達能,2024/06,0
3687,歐買尬,2024/06,0.01
3688,華立捷,2024/06,127.46
3689,湧德,2024/06,62.09
3691,碩禾,2024/06,74
3693,營邦,2024/06,147.74
3694,海華,2024/06,60.24
3701,大眾控,2024/06,92.7
3702,大聯大,2024/06,56.41
3703,欣陸,2024/06,389.07
3704,合勤控,2024/06,90.68
3705,永信,2024/06,250.76
3706,神達,2024/06,84.15
3707,漢磊,2024/06,94.21
3708,上緯投控,2024/06,47.24
3709,鑫聯大投控,2024/06,57.12
3710,連展投控,2024/06,61.24
3711,日月光投控,2024/06,50.35
3712,永崴投控,2024/06,26.03
3713,新晶投控,2024/06,167.06
3714,富采,2024/06,77.25
3715,定穎投控,2024/06,72.23
4102,永日,2024/06,142.36
4104,佳醫,2024/06,64.66
4105,東洋,2024/06,188.55
4106,雃博,2024/06,117.07
4107,邦特,2024/06,90.03
4108,懷特,2024/06,623
4109,加捷生醫,2024/06,18.42
4111,濟生,2024/06,41.74
4113,聯上,2024/06,889.59
4114,健喬,2024/06,201
4115,善德生技,2024/06,72.69
4116,明基醫,2024/06,62.11
4117,普生,2024/06,178.89
4118,友合生技,2024/06,335.2
4119,旭富,2024/06,210.82
4120,友華,2024/06,178.15
4121,優盛,2024/06,149.25
4123,晟德,2024/06,117.1
4126,太醫,2024/06,80.96
4127,天良,2024/06,166.93
4128,中天,2024/06,69.89
4129,聯合,2024/06,666.9
4130,健亞,2024/06,154.66
4131,浩泰,2024/06,335.13
4132,國鼎,2024/06,647.59
4133,亞諾法,2024/06,809.26
4138,曜亞,2024/06,81.19
4139,馬光-KY,2024/06,21.22
4142,國光生,2024/06,591.65
4147,中裕,2024/06,"1,108.44"
4150,優你康,2024/06,71.74
4153,鈺緯,2024/06,109.65
4154,樂威科-KY,2024/06,124.93
4155,訊映,2024/06,123.75
4160,訊聯基因,2024/06,33.27
4161,聿新科,2024/06,136.25
4162,智擎,2024/06,152.73
4163,鐿鈦,2024/06,226.76
4164,承業醫,2024/06,90.19
4166,友霖,2024/06,172.46
4167,松瑞藥,2024/06,312.9
4168,醣聯,2024/06,0
4169,泰宗,2024/06,183.79
4170,鑫品生醫,2024/06,114.4
4171,瑞基,2024/06,248.63
4172,因華,2024/06,349.1
4173,久裕,2024/06,43.24
4174,浩鼎,2024/06,79.85
4175,杏一,2024/06,80.55
4183,福永生技,2024/06,73.71
4186,尖端醫,2024/06,70.04
4188,安克,2024/06,488.07
4191,法德藥,2024/06,82.92
4192,杏國,2024/06,173.87
4194,禾生技,2024/06,50.09
4195,基米,2024/06,80.09
4197,暐世,2024/06,382.63
4198,欣大健康,2024/06,120.57
4205,中華食,2024/06,16.92
4207,環泰,2024/06,49.54
4303,信立,2024/06,52.78
4304,勝昱,2024/06,78.65
4305,世坤,2024/06,43.82
4306,炎洲,2024/06,315.24
4401,東隆興,2024/06,138
4402,福大,2024/06,11.63
4406,新昕纖,2024/06,121.16
4413,飛寶企業,2024/06,83.93
4414,如興,2024/06,89.25
4416,三圓,2024/06,"73,190.02"
4417,金洲,2024/06,198.79
4419,皇家美食,2024/06,14.9
4420,光明,2024/06,39.33
4426,利勤,2024/06,82.15
4427,展頌,2024/06,85.59
4430,耀億,2024/06,117.79
4431,敏成健康,2024/06,55.59
4432,銘旺實,2024/06,104.87
4433,興采,2024/06,115.29
4438,廣越,2024/06,140.02
4440,宜新實業,2024/06,79.84
4441,振大環球,2024/06,112.88
4502,健信,2024/06,145.29
4503,金雨,2024/06,129.73
4506,崇友,2024/06,281.5
4510,高鋒,2024/06,165.77
4513,福裕,2024/06,379.87
4523,永彰,2024/06,235.79
4526,東台,2024/06,317.16
4527,方方土霖,2024/06,92.81
4528,江興鍛,2024/06,67.88
4529,淳紳,2024/06,0
4530,宏易,2024/06,29.13
4532,瑞智,2024/06,35.38
4533,協易機,2024/06,185.48
4534,慶騰,2024/06,107.31
4535,至興,2024/06,56.09
4536,拓凱,2024/06,100.21
4537,旭東,2024/06,461.83
4538,大詠城,2024/06,62.39
4540,全球傳動,2024/06,285.49
4541,晟田,2024/06,125.17
4542,科嶠,2024/06,191.45
4543,萬在,2024/06,164.07
4544,春日,2024/06,382
4545,銘鈺,2024/06,90.06
4546,長亨,2024/06,312.36
4549,桓達,2024/06,136.77
4550,長佳,2024/06,0
4551,智伸科,2024/06,121.74
4553,盛復,2024/06,142.9
4554,橙的,2024/06,198.72
4555,氣立,2024/06,315.5
4556,旭然,2024/06,179.24
4557,永新-KY,2024/06,85.79
4558,寶緯,2024/06,181.15
4559,久裕興,2024/06,69.58
4561,健椿,2024/06,111.08
4562,穎漢,2024/06,643.38
4563,百德,2024/06,194.69
4564,元翎,2024/06,110.06
4565,宏偉,2024/06,228.18
4566,時碩工業,2024/06,103.99
4568,科際精密,2024/06,61.88
4570,傑生,2024/06,240.47
4572,駐龍,2024/06,363.52
4573,高明鐵,2024/06,344.97
4575,銓寶,2024/06,229.14
4576,大銀微系統,2024/06,242.56
4577,達航科技,2024/06,389.25
4580,捷流閥業,2024/06,182.3
4581,光隆精密-KY,2024/06,121.93
4582,聚恆,2024/06,104.25
4583,台灣精銳,2024/06,455.05
4584,君帆,2024/06,104.82
4587,寶元數控,2024/06,146.83
4588,玖鼎電力,2024/06,295.86
4589,碩陽電機,2024/06,77.66
4609,唐鋒,2024/06,79.42
4702,中美實,2024/06,13.8
4706,大恭,2024/06,189.49
4707,磐亞,2024/06,52.38
4711,永純,2024/06,123.1
4712,福格創新,2024/06,0
4714,永捷,2024/06,"1,642.15"
4716,大立,2024/06,79.24
4720,德淵,2024/06,70.48
4721,美琪瑪,2024/06,66.83
4722,國精化,2024/06,101.12
4724,宣捷幹細胞,2024/06,31.83
4726,永昕,2024/06,46.14
4728,雙美,2024/06,139.34
4729,熒茂,2024/06,72.63
4730,通用,2024/06,143.82
4732,彥臣,2024/06,236.37
4735,豪展,2024/06,68.69
4736,泰博,2024/06,163.95
4737,華廣,2024/06,166.55
4738,尚化,2024/06,85.21
4739,康普,2024/06,77.3
4741,泓瀚,2024/06,77.76
4743,合一,2024/06,928.32
4744,皇將,2024/06,256.14
4746,台耀,2024/06,239.62
4747,強生,2024/06,131.04
4749,新應材,2024/06,127.38
4754,國碳科,2024/06,87.78
4755,三福化,2024/06,68.78
4760,勤凱,2024/06,96.6
4764,雙鍵,2024/06,74.76
4765,磐采,2024/06,63.14
4766,南寶,2024/06,68.7
4767,誠泰科技,2024/06,99.44
4768,晶呈科技,2024/06,139.41
4770,上品,2024/06,247.33
4771,望隼,2024/06,55.24
4772,台特化,2024/06,103.08
4773,高福,2024/06,51.53
4806,桂田文創,2024/06,12.34
4903,聯光通,2024/06,41.16
4904,遠傳,2024/06,16.16
4905,台聯電,2024/06,159.58
4906,正文,2024/06,47.19
4907,富宇,2024/06,574.8
4908,前鼎,2024/06,123.31
4909,新復興,2024/06,39.35
4911,德英,2024/06,185.03
4915,致伸,2024/06,59.04
4916,事欣科,2024/06,116.64
4919,新唐,2024/06,122.47
4923,力士,2024/06,109.16
4925,智微,2024/06,117.25
4927,泰鼎-KY,2024/06,76.94
4930,燦星網,2024/06,53.01
4931,新盛力,2024/06,93.78
4933,友輝,2024/06,88.87
4934,太極,2024/06,44.66
4935,茂林-KY,2024/06,40.65
4938,和碩,2024/06,34.93
4939,亞電,2024/06,82.37
4942,嘉彰,2024/06,29.89
4945,陞達科技,2024/06,140.61
4946,辣椒,2024/06,17.91
4949,有成精密,2024/06,157.09
4951,精拓科,2024/06,216.02
4952,凌通,2024/06,132.57
4953,緯軟,2024/06,0
4956,光鋐,2024/06,130
4958,臻鼎-KY,2024/06,56.39
4960,誠美材,2024/06,121.79
4961,天鈺,2024/06,68.29
4966,譜瑞-KY,2024/06,152.63
4967,十銓,2024/06,118.48
4968,立積,2024/06,84.99
4972,湯石照明,2024/06,67.35
4973,廣穎,2024/06,130.04
4974,亞泰,2024/06,58.02
4976,佳凌,2024/06,152.32
4979,華星光,2024/06,78.51
4980,佐臻,2024/06,232.2
4987,科誠,2024/06,227.92
4989,榮科,2024/06,64.38
4994,傳奇,2024/06,0
4995,晶達,2024/06,70.76
4999,鑫禾,2024/06,70.03
5007,三星,2024/06,131.25
5009,榮剛,2024/06,233.7
5011,久陽,2024/06,34.5
5013,強新,2024/06,112.65
5014,建錩,2024/06,43.07
5015,華祺,2024/06,179.66
5016,松和,2024/06,155
5201,凱衛,2024/06,7.5
5202,力新,2024/06,135.21
5203,訊連,2024/06,5.18
5205,中茂,2024/06,0
5206,坤悅,2024/06,"2,571.83"
5209,新鼎,2024/06,0.04
5210,寶碩,2024/06,13.32
5211,蒙恬,2024/06,136.21
5212,凌網,2024/06,34.11
5213,亞昕,2024/06,"8,764.81"
5216,優燈,2024/06,108.09
5220,萬達光電,2024/06,74.23
5222,全訊,2024/06,256.41
5223,安力-KY,2024/06,42.43
5225,東科-KY,2024/06,42.53
5227,立凱-KY,2024/06,124.18
5228,鈺鎧,2024/06,96.71
5230,雷笛克光學,2024/06,146.37
5233,有量,2024/06,"1,244.14"
5234,達興材料,2024/06,50.45
5236,凌陽創新,2024/06,117.91
5240,建騰,2024/06,204.52
5244,弘凱,2024/06,37.68
5245,智晶,2024/06,93.71
5246,勵威,2024/06,185.21
5248,景傳,2024/06,102.84
5251,天鉞電,2024/06,94.93
5254,欣訊科技,2024/06,62.15
5258,虹堡,2024/06,146.41
5262,立達,2024/06,226.24
5263,智崴,2024/06,154.26
5267,龍翩,2024/06,130.48
5269,祥碩,2024/06,73.9
5271,紘通,2024/06,113
5272,笙科,2024/06,302.82
5274,信驊,2024/06,66.69
5277,葳天,2024/06,69.32
5278,尚凡,2024/06,109.5
5283,禾聯碩,2024/06,139.84
5285,界霖,2024/06,108.97
5287,數字,2024/06,0
5288,豐祥-KY,2024/06,46.23
5289,宜鼎,2024/06,84.37
5291,邑昇,2024/06,158.46
5292,華懋,2024/06,42.66
5295,懷藝,2024/06,135.67
5297,廣化,2024/06,300.3
5299,杰力,2024/06,173.8
5301,寶得利,2024/06,"1,231.13"
5302,太欣,2024/06,165.41
5306,桂盟,2024/06,120.86
5309,系統電,2024/06,50.09
5310,天剛,2024/06,0
5312,寶島科,2024/06,160.88
5314,世紀,2024/06,11.78
5315,光聯,2024/06,75.16
5321,美而快,2024/06,105.99
5324,士開,2024/06,"7,675.37"
5328,華容,2024/06,61.99
5340,建榮,2024/06,119.52
5344,立衛,2024/06,0.48
5345,天揚,2024/06,"1,707.43"
5346,力晶,2024/06,"1,235.13"
5347,世界,2024/06,66.13
5348,正能量智能,2024/06,128.57
5351,鈺創,2024/06,280.81
5353,台林,2024/06,110.94
5355,佳總,2024/06,51.59
5356,協益,2024/06,78.16
5364,力麗店,2024/06,5.4
5371,中光電,2024/06,89.42
5381,合正,2024/06,155.5
5386,青雲,2024/06,89.86
5387,茂德,2024/06,339.77
5388,中磊,2024/06,112.43
5392,能率,2024/06,61.76
5398,慕康生醫,2024/06,149.16
5403,中菲,2024/06,245.65
5410,國眾,2024/06,28.78
5425,台半,2024/06,133.68
5426,振發,2024/06,56.55
5432,新門,2024/06,141.13
5434,崇越,2024/06,35.51
5438,東友,2024/06,53.56
5439,高技,2024/06,102.91
5443,均豪,2024/06,133.14
5450,南良,2024/06,68.35
5452,佶優,2024/06,60.4
5455,昇益,2024/06,772.5
5457,宣德,2024/06,64.82
5460,同協,2024/06,53.74
5464,霖宏,2024/06,51.99
5465,富驊,2024/06,74.26
5468,凱鈺,2024/06,"1,292.12"
5469,瀚宇博,2024/06,93.26
5471,松翰,2024/06,176.01
5474,聰泰,2024/06,228.8
5475,德宏,2024/06,159.21
5478,智冠,2024/06,3.47
5481,新華,2024/06,78.31
5483,中美晶,2024/06,89.2
5484,慧友,2024/06,104.07
5487,通泰,2024/06,182.25
5488,松普,2024/06,105.8
5489,彩富,2024/06,183.3
5490,同亨,2024/06,180.07
5493,三聯,2024/06,97.58
5498,凱崴,2024/06,164
5508,永信建,2024/06,934.3
5511,德昌,2024/06,135.09
5512,力麒,2024/06,"1,293"
5514,三豐,2024/06,"907,761.03"
5515,建國,2024/06,0.34
5516,雙喜,2024/06,0
5519,隆大,2024/06,757.01
5520,力泰,2024/06,30.33
5521,工信,2024/06,25.68
5522,遠雄,2024/06,"2,186.68"
5523,豐謙,2024/06,"1,606.39"
5525,順天,2024/06,"1,522.14"
5529,鉅陞,2024/06,"32,406.04"
5530,龍巖,2024/06,"4,551.17"
5531,鄉林,2024/06,"11,454.82"
5533,皇鼎,2024/06,"2,304.68"
5534,長虹,2024/06,"4,198.38"
5536,聖暉*,2024/06,37.38
5541,廣朋實業,2024/06,"1,659.35"
5547,久舜,2024/06,5.35
5548,安倉,2024/06,0
5601,台聯櫃,2024/06,0
5603,陸海,2024/06,38.44
5604,中連,2024/06,0
5607,遠雄港,2024/06,0
5608,四維航,2024/06,0
5609,中菲行,2024/06,0
5701,劍湖山,2024/06,13.25
5703,亞都,2024/06,9.82
5704,老爺知,2024/06,4.31
5706,鳳凰,2024/06,0
5833,元大證金,2024/06,
5834,兆豐保險,2024/06,
5839,中華開發資本,2024/06,0
5841,中信銀,2024/06,
5842,兆豐票券,2024/06,
5843,兆豐銀行,2024/06,
5844,一銀,2024/06,
5846,國壽,2024/06,
5847,玉山銀,2024/06,
5849,永豐銀行,2024/06,
5852,元大銀,2024/06,
5863,瑞興銀,2024/06,
5864,致和證,2024/06,
5876,上海商銀,2024/06,
5878,台名,2024/06,0
5901,中友,2024/06,59.15
5902,德記,2024/06,17.01
5903,全家,2024/06,35.42
5904,寶雅,2024/06,154.66
5905,南仁湖,2024/06,"1,111.37"
5906,台南-KY,2024/06,204.9
6020,大展證,2024/06,
6023,元大期,2024/06,
6026,福邦證,2024/06,
6028,公勝保經,2024/06,0
6035,悠遊卡,2024/06,43.13
6101,寬魚國際,2024/06,0
6103,合邦,2024/06,143.64
6104,創惟,2024/06,135.18
6108,競國,2024/06,45.25
6109,亞元,2024/06,101
6111,大宇資,2024/06,112.8
6112,邁達特,2024/06,91.8
6113,亞矽,2024/06,123.85
6114,久威,2024/06,28.98
6115,鎰勝,2024/06,35.35
6116,彩晶,2024/06,42.03
6117,迎廣,2024/06,98.15
6118,建達,2024/06,43.21
6120,達運,2024/06,25.83
6121,新普,2024/06,96.22
6122,擎邦,2024/06,0.1
6123,上奇,2024/06,12.44
6124,業強,2024/06,80.25
6125,廣運,2024/06,81.97
6126,信音,2024/06,51.86
6127,九豪,2024/06,129.51
6128,上福,2024/06,116.8
6129,普誠,2024/06,231.71
6130,上亞科技,2024/06,56.43
6133,金橋,2024/06,98.99
6134,萬旭,2024/06,67.51
6136,富爾特,2024/06,75.84
6138,茂達,2024/06,107.56
6139,亞翔,2024/06,3.82
6140,訊達,2024/06,33.28
6141,柏承,2024/06,40.79
6142,友勁,2024/06,197.64
6143,振曜,2024/06,86.96
6144,得利影,2024/06,124.91
6146,耕興,2024/06,7.34
6147,頎邦,2024/06,39.87
6148,驊宏資,2024/06,47.01
6150,撼訊,2024/06,97.95
6151,晉倫,2024/06,78.57
6152,百一,2024/06,112.94
6153,嘉聯益,2024/06,37.92
6154,順發,2024/06,87.14
6155,鈞寶,2024/06,160.49
6156,松上,2024/06,51.86
6158,禾昌,2024/06,70.48
6160,欣技,2024/06,291.19
6161,捷波,2024/06,135.65
6163,華電網,2024/06,152.55
6164,華興,2024/06,74.61
6165,浪凡,2024/06,0
6166,凌華,2024/06,191.1
6167,久正,2024/06,104.12
6168,宏齊,2024/06,78.07
6169,昱泉,2024/06,0
6170,統振,2024/06,56.12
6171,大城地產,2024/06,"36,064.26"
6173,信昌電,2024/06,81.46
6174,安,2024/06,300.05
6175,立敦,2024/06,90.5
6176,瑞儀,2024/06,18.13
6177,達麗,2024/06,"1,225.15"
6179,亞通,2024/06,0
6180,橘子,2024/06,5.72
6182,合晶,2024/06,157.26
6183,關貿,2024/06,0.05
6184,大豐電,2024/06,20.86
6185,幃翔,2024/06,79
6186,新潤,2024/06,"1,113.81"
6187,萬潤,2024/06,179.51
6188,廣明,2024/06,39.77
6189,豐藝,2024/06,40.92
6190,萬泰科,2024/06,90.22
6191,精成科,2024/06,81.82
6192,巨路,2024/06,247.82
6194,育富,2024/06,43.43
6195,詩肯,2024/06,184.96
6196,帆宣,2024/06,47.18
6197,佳必琪,2024/06,52.41
6198,瑞築,2024/06,"387,195.8"
6199,天品,2024/06,"7,171.92"
6201,亞弘電,2024/06,135.02
6202,盛群,2024/06,395.25
6203,海韻電,2024/06,207.52
6204,艾華,2024/06,64.46
6205,詮欣,2024/06,68.11
6206,飛捷,2024/06,95.13
6207,雷科,2024/06,96.16
6208,日揚,2024/06,191.87
6209,今國光,2024/06,84.13
6210,慶生,2024/06,36.98
6212,理銘,2024/06,"1,092.22"
6213,聯茂,2024/06,57.18
6214,精誠,2024/06,57.78
6215,和椿,2024/06,127.31
6216,居易,2024/06,116.33
6217,中探針,2024/06,86.53
6218,豪勉,2024/06,306.63
6219,富旺,2024/06,"1,794.73"
6220,岳豐,2024/06,130.12
6221,晉泰,2024/06,228.14
6222,上揚,2024/06,507.78
6223,旺矽,2024/06,249.99
6224,聚鼎,2024/06,126.94
6225,天瀚,2024/06,77.02
6226,光鼎,2024/06,473.55
6227,茂綸,2024/06,106.2
6228,全譜,2024/06,607.19
6229,研通,2024/06,19.93
6230,尼得科超眾,2024/06,95.34
6231,系微,2024/06,0
6233,旺玖,2024/06,118.74
6234,高僑,2024/06,296.79
6235,華孚,2024/06,82.26
6236,中湛,2024/06,8.7
6237,驊訊,2024/06,171.27
6239,力成,2024/06,35.55
6240,松崗,2024/06,0
6241,易通展,2024/06,55.59
6242,立康,2024/06,104.12
6243,迅杰,2024/06,198.75
6244,茂迪,2024/06,87.69
6245,立端,2024/06,166.82
6246,臺龍,2024/06,49.91
6248,沛波,2024/06,43.28
6257,矽格,2024/06,12.17
6259,百徽,2024/06,34.76
6261,久元,2024/06,125.01
6263,普萊德,2024/06,97.81
6264,富裔,2024/06,"2,231.62"
6265,方土昶,2024/06,129.84
6266,泰詠,2024/06,99.26
6269,台郡,2024/06,49.53
6270,倍微,2024/06,131.32
6271,同欣電,2024/06,70.11
6272,驊陞,2024/06,76.03
6274,台燿,2024/06,57.56
6275,元山,2024/06,86.92
6276,安鈦克,2024/06,57.69
6277,宏正,2024/06,238.83
6278,台表科,2024/06,25.47
6279,胡連,2024/06,124.74
6281,全國電,2024/06,74.98
6282,康舒,2024/06,112.73
6283,淳安,2024/06,45.4
6284,佳邦,2024/06,69.35
6285,啟,2024/06,74.7
6287,元隆,2024/06,257.96
6288,聯嘉,2024/06,165.78
6290,良維,2024/06,104.9
6291,沛亨,2024/06,88.21
6292,迅德,2024/06,79.85
6294,智基,2024/06,3.24
6403,群登,2024/06,73.68
6405,悅城,2024/06,6.04
6407,相互,2024/06,47.89
6409,旭隼,2024/06,45.66
6411,晶焱,2024/06,99.88
6412,群電,2024/06,77.49
6414,樺漢,2024/06,83.98
6416,瑞祺電通,2024/06,237.64
6417,韋僑,2024/06,152.05
6418,詠昇,2024/06,48.53
6419,京晨科,2024/06,7.75
6423,億而得-創,2024/06,0
6425,易發,2024/06,115.13
6426,統新,2024/06,122.85
6428,淘米,2024/06,0
6432,今展科,2024/06,78.27
6434,達輝光電,2024/06,43.33
6435,大中,2024/06,127.33
6438,迅得,2024/06,138.96
6441,廣錠,2024/06,394.04
6442,光聖,2024/06,129.61
6443,元晶,2024/06,94.08
6446,藥華藥,2024/06,502.59
6449,鈺邦,2024/06,119.88
6456,GIS-KY,2024/06,34.41
6457,紘康,2024/06,164.95
6461,益得,2024/06,90.34
6462,神盾,2024/06,113.94
6464,台數科,2024/06,9.81
6465,威潤,2024/06,216.42
6469,大樹,2024/06,86.37
6470,宇智,2024/06,46.59
6472,保瑞,2024/06,146.75
6473,美賣*,2024/06,37.8
6474,華豫寧,2024/06,117.81
6475,岱煒,2024/06,36.74
6477,安集,2024/06,222.67
6479,瑞寶基因,2024/06,322.15
6482,弘煜科,2024/06,0
6483,原創生醫,2024/06,-888
6485,點序,2024/06,308.56
6486,互動,2024/06,175.83
6488,環球晶,2024/06,91.55
6491,晶碩,2024/06,87.79
6492,生華科,2024/06,0
6493,雷虎生,2024/06,370.88
6494,九齊,2024/06,115.52
6495,納諾*-KY,2024/06,101.08
6496,科懋,2024/06,197.29
6498,久禾光,2024/06,45.25
6499,益安,2024/06,27.87
6504,南六,2024/06,51.96
6505,台塑化,2024/06,47.1
6506,雙邦,2024/06,60.14
6508,惠光,2024/06,247.38
6509,聚和,2024/06,142.94
6510,精測,2024/06,97.44
6512,啟發電,2024/06,167.44
6514,芮特-KY,2024/06,52.1
6515,穎崴,2024/06,86.75
6516,勤崴國際,2024/06,0.15
6517,保勝光學,2024/06,163.04
6518,康科特,2024/06,1.4
6523,達爾膚,2024/06,221.49
6525,捷敏-KY,2024/06,17.85
6526,達發,2024/06,73.14
6527,明達醫,2024/06,192.51
6530,創威,2024/06,104.02
6531,愛普*,2024/06,189.02
6532,瑞耘,2024/06,112.32
6533,晶心科,2024/06,"2,581.53"
6534,正瀚-創,2024/06,91.81
6535,順藥,2024/06,"2,872.58"
6536,碩豐,2024/06,29.3
6538,倉和,2024/06,64.91
6539,麗彤,2024/06,243.21
6542,隆中,2024/06,2.49
6543,普惠醫工,2024/06,124.13
6545,擎力,2024/06,264.44
6546,正基,2024/06,152.41
6547,高端疫苗,2024/06,"1,608.71"
6548,長科*,2024/06,83.05
6549,景凱,2024/06,-888
6552,易華電,2024/06,43.78
6555,榮炭,2024/06,270.97
6556,勝品,2024/06,96.67
6558,興能高,2024/06,87.01
6559,研晶,2024/06,157.32
6560,欣普羅,2024/06,309.74
6561,是方,2024/06,0.53
6562,聯亞藥,2024/06,106.48
6564,安特羅,2024/06,195.36
6565,物聯,2024/06,0.04
6568,宏觀,2024/06,257.75
6569,醫揚,2024/06,144.36
6570,維田,2024/06,102.67
6572,博錸,2024/06,296.22
6574,霈方,2024/06,115.91
6575,心悅,2024/06,133.11
6576,逸達,2024/06,205.98
6577,勁豐,2024/06,129.03
6578,達邦蛋白,2024/06,30.38
6579,研揚,2024/06,108.07
6580,台睿,2024/06,1.45
6581,鋼聯,2024/06,53.43
6582,申豐,2024/06,53.32
6583,友松,2024/06,39.14
6584,南俊國際,2024/06,69.85
6585,鼎基,2024/06,120.64
6586,醣基,2024/06,0
6588,東典光電,2024/06,127.09
6589,台康生技,2024/06,267.78
6590,普鴻,2024/06,24.18
6591,動力-KY,2024/06,78.85
6592,和潤企業,2024/06,0.12
6593,台灣銘板,2024/06,140.18
6595,光禹國際,2024/06,0
6596,寬宏藝術,2024/06,3.71
6597,立誠,2024/06,69.8
6599,普達系統,2024/06,148.39
6603,富強鑫,2024/06,186.99
6605,帝寶,2024/06,153.35
6606,建德工業,2024/06,404.55
6609,瀧澤科,2024/06,177.63
6610,安成生技,2024/06,-888
6612,奈米醫材,2024/06,373.12
6613,朋億*,2024/06,106.78
6615,慧智,2024/06,49.21
6618,永虹先進,2024/06,18.25
6620,漢達,2024/06,0
6621,華宇藥,2024/06,215.09
6622,百聿數碼,2024/06,0
6624,萬年清,2024/06,10.87
6625,必應,2024/06,0
6626,唯數,2024/06,1.93
6634,欣耀,2024/06,-888
6637,醫影,2024/06,118.54
6638,沅聖,2024/06,131.98
6639,源大環能,2024/06,0.2
6640,均華,2024/06,145.76
6641,基士德-KY,2024/06,44.17
6642,富致,2024/06,93.29
6643,M31,2024/06,-888
6645,金萬林-創,2024/06,99.88
6648,斯其大,2024/06,242.06
6649,台生材,2024/06,631.69
6650,帝圖,2024/06,123.78
6651,全宇昕,2024/06,129.16
6652,雅祥生醫,2024/06,-888
6654,天正國際,2024/06,377.11
6655,科定,2024/06,346.89
6657,華安,2024/06,170.37
6658,聯策,2024/06,52.81
6661,威健生技,2024/06,121.16
6662,樂斯科,2024/06,39.78
6664,群翊,2024/06,567.33
6665,康聯生醫,2024/06,41.92
6666,羅麗芬-KY,2024/06,57.98
6667,信紘科,2024/06,53.7
6668,中揚光,2024/06,97.15
6669,緯穎,2024/06,69.36
6670,復盛應用,2024/06,57.92
6672,騰輝電子-KY,2024/06,99.07
6673,和詮,2024/06,126.97
6674,鋐寶科技,2024/06,313.84
6676,祥翊,2024/06,146.63
6677,瑩碩生技,2024/06,189.86
6679,鈺太,2024/06,269.78
6680,鑫創電子,2024/06,115.67
6682,華旭矽材,2024/06,398.79
6683,雍智科技,2024/06,163.31
6684,安格,2024/06,257.98
6689,伊雲谷,2024/06,3.8
6690,安硌穈T,2024/06,0
6691,洋基工程,2024/06,19.61
6692,進能服,2024/06,22.27
6693,廣閎科,2024/06,109.12
6695,芯鼎,2024/06,202.78
6696,仁新,2024/06,-888
6697,東捷資訊,2024/06,2.94
6698,旭暉應材,2024/06,141.14
6699,奇邑,2024/06,127.84
6703,軒郁,2024/06,104.64
6704,國璽幹細胞,2024/06,94.68
6705,振躍精密,2024/06,152.47
6706,惠特,2024/06,508.4
6707,富基電通,2024/06,36.79
6708,天擎,2024/06,157.8
6709,昱厚生技,2024/06,-888
6712,長聖,2024/06,160.41
6715,嘉基,2024/06,101.51
6716,應廣,2024/06,97.86
6717,智慧光,2024/06,182.54
6719,力智,2024/06,172.42
6720,久昌,2024/06,112.86
6721,信實,2024/06,0
6722,輝創,2024/06,79.96
6723,傑智環境,2024/06,57.94
6725,矽科宏晟,2024/06,107.29
6727,亞泰金屬,2024/06,409.95
6728,上洋,2024/06,138.5
6729,機光科技,2024/06,739.8
6730,常廣,2024/06,187.24
6732,昇佳電子,2024/06,88.98
6733,博晟生醫,2024/06,216.15
6734,安盛生,2024/06,308.25
6735,美達科技,2024/06,482.52
6737,秀育,2024/06,66.27
6738,鼎,2024/06,31.03
6739,竹陞科技,2024/06,141.62
6741,91APP*-KY,2024/06,0
6742,澤米,2024/06,97.88
6743,安普新,2024/06,165.94
6744,豐技生技,2024/06,77.09
6747,亨泰光,2024/06,168.31
6748,亞果生醫,2024/06,197.36
6750,泰創工程,2024/06,2.86
6751,智聯服務,2024/06,8.89
6752,叡揚,2024/06,11.85
6753,龍德造船,2024/06,71.84
6754,匯僑設計,2024/06,3.03
6755,連鋐科技,2024/06,56.86
6756,威鋒電子,2024/06,86.51
6757,台灣虎航-創,2024/06,0
6758,冠亞,2024/06,672.51
6761,穩得,2024/06,83.61
6762,達亞,2024/06,125.36
6763,綠界科技,2024/06,0
6764,亞洲教育,2024/06,0
6767,台微醫,2024/06,297.58
6768,志強-KY,2024/06,40.13
6770,力積電,2024/06,87.3
6771,平和環保-創,2024/06,3.45
6772,錫安,2024/06,-888
6775,穎台科技,2024/06,99.96
6776,展眥篕,2024/06,41.5
6780,學習王,2024/06,195.81
6782,視陽,2024/06,114.98
6784,天凱科技,2024/06,33.87
6785,昱展新藥,2024/06,-888
6786,芯測,2024/06,0
6787,晶瑞光,2024/06,64.7
6788,華景電,2024/06,258.55
6789,采鈺,2024/06,6.58
6790,永豐實,2024/06,52.04
6791,虎門科技,2024/06,26.22
6792,詠業,2024/06,127.81
6793,天力離岸,2024/06,11.01
6794,向榮生技-創,2024/06,423.66
6796,晉弘,2024/06,229.15
6797,圓點奈米,2024/06,452.98
6798,展逸,2024/06,0
6799,來頡,2024/06,116.1
6803,崑鼎,2024/06,5.74
6804,明係,2024/06,67.17
6805,富世達,2024/06,82.53
6806,森崴能源,2024/06,0.01
6808,三鼎生技,2024/06,395.71
6810,新穎生醫,2024/06,"1,150.44"
6811,宏硌穈T,2024/06,15.7
6812,梭特,2024/06,355.5
6813,富動科,2024/06,36.95
6814,路迦生醫,2024/06,168.17
6815,晶鑽生醫,2024/06,71.8
6816,捷智商訊,2024/06,0.13
6817,溫士頓,2024/06,124.35
6818,連騰,2024/06,60.21
6819,眾智,2024/06,155.36
6820,連訊,2024/06,67.87
6821,聯寶,2024/06,48.59
6823,濾能,2024/06,122.52
6825,和暢科技,2024/06,247.9
6826,和淞,2024/06,94.87
6827,巨生醫,2024/06,-888
6829,千附精密,2024/06,125.59
6830,汎銓,2024/06,0
6831,邁科,2024/06,40.6
6832,金鼎科,2024/06,276.41
6833,太康精密,2024/06,146.53
6834,天二科技,2024/06,109.66
6835,圓裕,2024/06,69.16
6837,富利康科技,2024/06,336.2
6838,台新藥,2024/06,0
6839,開陽能源,2024/06,216.65
6840,東研信超,2024/06,0
6841,長佳智能,2024/06,66.07
6842,一元素,2024/06,320.72
6843,進典,2024/06,164.93
6844,諾貝兒,2024/06,126.15
6846,綠茵,2024/06,126.85
6847,普瑞博,2024/06,292.11
6848,拉法醫,2024/06,131.97
6850,光鼎生技,2024/06,"1,231.75"
6855,數泓科,2024/06,190.08
6856,鑫傳,2024/06,81.82
6857,宏硒撢,2024/06,249.81
6858,愛比科技,2024/06,535.29
6859,伯特光,2024/06,47
6861,睿生光電,2024/06,152.32
6863,永道-KY,2024/06,106.79
6864,元樟生技,2024/06,615.03
6865,偉康科技,2024/06,0
6867,坦德科技,2024/06,46.28
6868,采威國際,2024/06,14.34
6869,雲豹能源,2024/06,7.5
6870,騰雲,2024/06,18.55
6872,浩宇生醫,2024/06,0
6873,泓德能源-創,2024/06,40.35
6874,倍力,2024/06,38.36
6875,國邑*,2024/06,765.6
6876,朗齊生醫*,2024/06,-888
6877,鏵友益,2024/06,231.13
6878,歐付寶,2024/06,0
6879,大江基因,2024/06,141.19
6881,潤德,2024/06,0
6882,甲尚,2024/06,16.06
6883,微電能源,2024/06,5.05
6884,海柏特,2024/06,11.08
6885,全福生技,2024/06,-888
6886,遠東生技,2024/06,164.15
6890,來億-KY,2024/06,57.87
6891,樂迦再生,2024/06,369.01
6892,台寶生醫,2024/06,679.44
6894,衛司特,2024/06,80.7
6895,宏碩系統,2024/06,298.27
6898,程曦資訊,2024/06,0
6899,創為精密,2024/06,76.67
6901,鑽石投資,2024/06,0
6902,走著瞧-創,2024/06,0
6903,巨漢,2024/06,1.95
6904,伯鑫,2024/06,137.45
6906,現觀科,2024/06,0
6908,宏砦C戲,2024/06,44.87
6909,創控,2024/06,307.2
6910,德鴻,2024/06,29.27
6911,群運,2024/06,10.04
6912,益鈞環科*,2024/06,2.66
6913,鴻呈,2024/06,41.57
6914,阜爾運通,2024/06,10.01
6915,美強光,2024/06,40.14
6916,華凌,2024/06,76.76
6917,竟天,2024/06,"3,346.25"
6918,愛派司,2024/06,478.53
6919,康霈*,2024/06,155.5
6920,恆勁科技,2024/06,53.35
6922,宸曜,2024/06,131.68
6923,中台,2024/06,8.92
6925,意藍,2024/06,0
6926,聖安生醫,2024/06,-888
6927,聯合聚晶,2024/06,92.3
6928,攸泰科技,2024/06,165.74
6929,佑全,2024/06,140.2
6931,青松健康,2024/06,0.18
6932,水星生醫*,2024/06,0
6934,心誠鎂,2024/06,32.1
6935,王子製藥,2024/06,84.19
6936,永鴻生技,2024/06,162.14
6937,天虹,2024/06,402.74
6938,藍新資訊,2024/06,74.64
6939,啟弘生技,2024/06,24.71
6940,格斯科技*,2024/06,131.16
6944,兆聯實業,2024/06,40.13
6945,圓祥生技,2024/06,-888
6947,台鎔科技,2024/06,3.61
6949,沛爾生醫-創,2024/06,47.6
6951,青新-創,2024/06,25.69
6952,大武山,2024/06,13.09
6953,家碩,2024/06,210.94
6955,邦睿生技,2024/06,182.15
6958,日盛台駿,2024/06,0
6959,兆捷科技,2024/06,187.58
6961,旅天下,2024/06,0.24
6963,品元,2024/06,83.53
6967,汎瑋材料,2024/06,35.48
6968,萬達寵物,2024/06,113.75
6969,成信實業*,2024/06,243.8
6971,惠民實業,2024/06,0
6973,永立榮,2024/06,342.37
6976,育世博-KY,2024/06,0
6977,聯純,2024/06,33.04
6979,勝釩,2024/06,10.43
6980,鐳洋科技,2024/06,94.4
6982,大井泵浦,2024/06,110.1
6983,華洋精機,2024/06,258.58
6984,交流資服,2024/06,19.51
6986,和迅,2024/06,134.16
6987,寶晶能源*,2024/06,0
6990,華鉬,2024/06,140.07
6994,富威電力,2024/06,0
6996,力領科技,2024/06,104.67
6997,博弘,2024/06,0.02
6999,瀚醫生技,2024/06,239.85
7402,邑錡,2024/06,165.94
7419,達勝,2024/06,320.22
7427,華上生醫,2024/06,"4,232.86"
7443,凡事康,2024/06,66.87
7452,乂迪生,2024/06,3.06
7507,環拓科技,2024/06,42.7
7516,清淨海,2024/06,66.22
7530,鋒魁科技,2024/06,708.28
7547,碩網,2024/06,0
7551,知識科技,2024/06,0
7555,美萌,2024/06,76.78
7556,意德士,2024/06,68.75
7558,群利,2024/06,78.73
7561,光晟生技,2024/06,179.04
7562,博來科技,2024/06,113.41
7566,亞果遊艇,2024/06,50.54
7570,紫金堂,2024/06,103.74
7575,安美得,2024/06,168.78
7578,利百景,2024/06,3.04
7583,國際海洋,2024/06,8.39
7584,樂意,2024/06,0
7590,怡和國際,2024/06,141.52
7595,世基生醫,2024/06,183.66
7607,通用幹細胞*,2024/06,362.16
7610,聯友金屬,2024/06,146.11
7631,聚賢研發,2024/06,19.74
7642,昶瑞機電,2024/06,48.58
7702,前端風電,2024/06,10.04
7703,銳澤,2024/06,42.14
7704,明遠精密,2024/06,201.43
7705,三商餐飲,2024/06,27.27
7706,宏硈邿F,2024/06,0
7707,益芯科,2024/06,54.85
7708,全家餐飲,2024/06,5.56
7709,榮田,2024/06,358.28
7712,博盛半導體,2024/06,97.86
7713,威力德生醫,2024/06,44.41
7714,創泓科技,2024/06,55.59
7715,裕山,2024/06,0.17
7716,昱臺國際,2024/06,0
7718,友鋮,2024/06,32.18
7719,碳基,2024/06,205.9
7721,微程式,2024/06,128.61
7722,LINEPAY,2024/06,0
7723,築間,2024/06,11.08
7724,諾亞克,2024/06,81.21
7725,列特博,2024/06,549.49
7726,暄達,2024/06,366.68
7728,光焱科技,2024/06,248.85
7729,仲恩生醫,2024/06,502.15
7730,暉盛,2024/06,128.01
7731,火星生技*,2024/06,275.14
7732,金興精密,2024/06,159.75
7734,印能科技,2024/06,103.46
7736,虎山,2024/06,223.14
7738,東聯互動,2024/06,0.33
7742,天弘化,2024/06,55.29
7743,金利食安,2024/06,61.08
7747,昕奇雲端,2024/06,7.27
7750,新代,2024/06,76.26
7751,竑騰,2024/06,301.67
7752,世紀樺欣,2024/06,20.09
7753,星亞,2024/06,94.38
7754,安基生技,2024/06,40.5
7756,多那之國際,2024/06,15.46
7757,金色三麥,2024/06,31.97
7761,三大未來,2024/06,265.82
7762,吉晟生,2024/06,67.34
7764,聖州,2024/06,300.39
7765,中華資安,2024/06,16.68
8011,台通,2024/06,90.47
8016,矽創,2024/06,92.85
8021,尖點,2024/06,98.81
8024,佑華,2024/06,92.93
8027,鈦昇,2024/06,361.56
8028,昇陽半導體,2024/06,30.3
8029,久尹,2024/06,96.81
8032,光菱,2024/06,75.66
8033,雷虎,2024/06,324.32
8034,榮群,2024/06,635.54
8038,長園科,2024/06,465.03
8039,台虹,2024/06,79.01
8040,九暘,2024/06,107.74
8041,東精電,2024/06,46.68
8042,金山電,2024/06,155.55
8043,蜜望實,2024/06,58.19
8044,網家,2024/06,17.67
8045,達運光電,2024/06,163.09
8046,南電,2024/06,46.13
8047,星雲,2024/06,170.56
8048,德勝,2024/06,134.53
8049,晶采,2024/06,124.65
8050,廣積,2024/06,188.09
8054,安國,2024/06,147.86
8059,凱碩,2024/06,815.7
8064,東捷,2024/06,329.01
8066,來思達,2024/06,0.1
8067,志旭,2024/06,657.05
8068,全達,2024/06,42.1
8069,元太,2024/06,87.56
8070,長華*,2024/06,59.63
8071,能率網通,2024/06,56.86
8072,陞泰,2024/06,49.69
8074,鉅橡,2024/06,148.8
8076,伍豐,2024/06,151.81
8077,洛,2024/06,0
8080,印鉐,2024/06,43.73
8081,致新,2024/06,121.27
8083,瑞穎,2024/06,187.43
8084,巨虹,2024/06,94.92
8085,福華,2024/06,57.85
8086,宏捷科,2024/06,97.39
8087,華鎂鑫,2024/06,72.54
8088,品安,2024/06,46.72
8089,康全電訊,2024/06,136.45
8091,翔名,2024/06,153.05
8092,建暐,2024/06,384.8
8093,保銳,2024/06,273.99
8096,擎亞,2024/06,28.98
8097,常珵,2024/06,14.75
8098,慶康科技,2024/06,200.42
8099,大世科,2024/06,93.31
8101,華冠,2024/06,194.49
8102,傑霖科技,2024/06,58.8
8103,瀚荃,2024/06,83.38
8104,錸寶,2024/06,73.28
8105,凌巨,2024/06,75.33
8107,大億金茂,2024/06,57.62
8109,博大,2024/06,144.64
8110,華東,2024/06,29.87
8111,立,2024/06,76.48
8112,至上,2024/06,48.22
8114,振樺電,2024/06,157.06
8115,帝聞,2024/06,71
8119,公信,2024/06,106.4
8121,越峰,2024/06,113.11
8131,福懋科,2024/06,33.07
8147,正淩,2024/06,70.41
8150,南茂,2024/06,50.66
8155,博智,2024/06,54.37
8157,創圓,2024/06,198.79
8162,微矽電子-創,2024/06,8.69
8163,達方,2024/06,124.32
8171,天宇,2024/06,139.17
8176,智捷,2024/06,282.3
8182,加高,2024/06,81.46
8183,精星,2024/06,55.23
8201,無敵,2024/06,47.04
8210,勤誠,2024/06,70.02
8213,志超,2024/06,45.69
8215,明基材,2024/06,76.51
8218,輝城,2024/06,68.94
8222,寶一,2024/06,353.92
8227,巨有科技,2024/06,57.09
8234,新漢,2024/06,167.44
8240,華宏,2024/06,44.57
8249,菱光,2024/06,44.17
8255,朋程,2024/06,85.61
8261,富鼎,2024/06,116.88
8271,宇瞻,2024/06,97.03
8272,全景軟體,2024/06,5.41
8277,商丞,2024/06,134.15
8279,生展,2024/06,98.68
8284,三竹,2024/06,0.56
8287,英格爾,2024/06,159.15
8289,泰藝,2024/06,124.9
8291,尚茂,2024/06,46.38
8298,威睿,2024/06,36.86
8299,群聯,2024/06,235.22
8307,大台中,2024/06,43.09
8329,台視,2024/06,4.25
8341,日友,2024/06,4.64
8342,益張,2024/06,56.74
8349,矬,2024/06,158.35
8354,冠好,2024/06,100.72
8358,金居,2024/06,54.69
8359,錢櫃,2024/06,19.47
8367,建新國際,2024/06,0
8374,羅昇,2024/06,100.14
8383,千附,2024/06,126.91
8390,金益鼎,2024/06,86.61
8401,白紗科,2024/06,18.72
8403,盛弘,2024/06,32.05
8409,商之器,2024/06,162.33
8410,森田,2024/06,74.26
8415,大國鋼,2024/06,353.6
8416,實威,2024/06,63.35
8420,明揚,2024/06,151.27
8421,旭源,2024/06,124
8422,可寧衛,2024/06,6.08
8424,惠普,2024/06,69.06
8426,紅木-KY,2024/06,28.71
8431,匯鑽科,2024/06,34.01
8432,東生華,2024/06,142.95
8433,弘帆,2024/06,2.59
8435,鉅邁,2024/06,79.49
8436,大江,2024/06,86.67
8437,大地-KY,2024/06,300.93
8438,昶昕,2024/06,22.57
8440,綠電,2024/06,40.5
8443,阿瘦,2024/06,369.48
8446,華研,2024/06,1.6
8450,霹靂,2024/06,264.56
8454,富邦媒,2024/06,16.36
8458,影一,2024/06,0
8462,柏文,2024/06,1.08
8463,潤泰材,2024/06,52.01
8464,億豐,2024/06,121.69
8467,波力-KY,2024/06,79.33
8472,夠麻吉,2024/06,98.47
8473,山林水,2024/06,0
8476,台境,2024/06,81.58
8477,創業家,2024/06,10.68
8478,東哥遊艇,2024/06,387.47
8481,政伸,2024/06,75.27
8487,愛爾達-創,2024/06,43.91
8488,吉源-KY,2024/06,39.68
8489,三貝德,2024/06,8.13
8492,兔將,2024/06,0
8495,經緯航,2024/06,112.78
8905,裕國,2024/06,210.12
8906,花王,2024/06,39.49
8908,欣雄,2024/06,95.13
8916,光隆,2024/06,106.13
8917,欣泰,2024/06,10.8
8921,沈氏,2024/06,40.97
8923,時報,2024/06,237.39
8924,大田,2024/06,61.82
8926,台汽電,2024/06,0.41
8927,北基,2024/06,126.04
8928,鉅明,2024/06,62.81
8929,富堡,2024/06,54.64
8930,青鋼,2024/06,87.42
8931,大汽電,2024/06,38.22
8932,智通,2024/06,43.49
8933,愛地雅,2024/06,327.48
8935,邦泰,2024/06,190.91
8936,國統,2024/06,28.84
8937,合騏,2024/06,277.34
8938,明安,2024/06,67.69
8940,新天地,2024/06,41.98
8941,關中,2024/06,59.48
8942,森鉅,2024/06,200.34
8945,大新店,2024/06,0
8977,南國,2024/06,0.44
8996,高力,2024/06,163.29
9103,美德醫療-DR,2024/06,298.03
9105,泰金寶-DR,2024/06,46
911608,明輝-DR,2024/06,327.14
911622,泰聚亨-DR,2024/06,155.85
9802,鈺齊-KY,2024/06,73.28
9902,台火,2024/06,112.82
9904,寶成,2024/06,81.25
9905,大華,2024/06,81.26
9906,欣巴巴,2024/06,"2,855.38"
9907,統一實,2024/06,44.14
9908,大台北,2024/06,21.32
9910,豐泰,2024/06,48.01
9911,櫻花,2024/06,79.45
9912,偉聯,2024/06,292.84
9914,美利達,2024/06,139.58
9917,中保科,2024/06,16.66
9918,欣天然,2024/06,9.29
9919,康那香,2024/06,113.68
9921,巨大,2024/06,198.1
9924,福興,2024/06,56.72
9925,新保,2024/06,14.49
9926,新海,2024/06,46.97
9927,泰銘,2024/06,81.47
9928,中視,2024/06,53.94
9929,秋雨,2024/06,38.28
9930,中聯資源,2024/06,15.39
9931,欣高,2024/06,131.42
9933,中鼎,2024/06,0.64
9934,成霖,2024/06,112.48
9935,慶豐富,2024/06,94.84
9937,全國,2024/06,3.53
9938,百和,2024/06,187.66
9939,宏全,2024/06,47.04
9940,信義,2024/06,272.18
9941,裕融,2024/06,31.51
9942,茂順,2024/06,159.13
9943,好樂迪,2024/06,5.55
9944,新麗,2024/06,78.39
9945,潤泰新,2024/06,517.17
9946,三發地產,2024/06,"2,784.78"
9949,琉園,2024/06,"1,059.71"
9950,萬國通,2024/06,126.27
9951,皇田,2024/06,98.64
9955,佳龍,2024/06,82.79
9957,燁聯,2024/06,72.58
9958,世紀鋼,2024/06,57.72
9960,邁達康,2024/06,146.8
9962,有益,2024/06,135.02
M1100,水泥工業類指數,2024/06,55.39
M1200,食品工業類指數,2024/06,53.12
M1300,塑膠工業類指數,2024/06,74.97
M1400,紡織纖維類指數,2024/06,91.56
M1500,電機機械類指數,2024/06,162.16
M1600,電器電纜類指數,2024/06,88.69
M1700,化學生技醫療類指數,2024/06,102.44
M1721,化學工業指數,2024/06,79.25
M1722,生技醫療指數,2024/06,172.12
M1800,玻璃陶瓷類指數,2024/06,123
M1900,造紙工業類指數,2024/06,66.04
M2000,鋼鐵工業類指數,2024/06,124.68
M2100,橡膠類指數,2024/06,145.09
M2200,汽車工業類指數,2024/06,73.33
M2300,電子類指數,2024/06,61.03
M2324,半導體業指數,2024/06,80.7
M2325,電腦及週邊設備業指數,2024/06,60.32
M2326,光電業指數,2024/06,58.15
M2327,通信網路業指數,2024/06,59.29
M2328,零組件指數,2024/06,80.28
M2329,電子通路業指數,2024/06,52.59
M2330,資訊服務業指數,2024/06,72.71
M2331,其他電子業指數,2024/06,52.01
M2500,建材營造類指數,2024/06,"1,232.81"
M2600,航運業類指數,2024/06,9.51
M2700,觀光餐旅類指數,2024/06,20.12
M2800,金融保險類指數,2024/06,
M2870,保險,2024/06,
M2871,壽險,2024/06,
M28HO,金融控股,2024/06,
M2900,貿易百貨類指數,2024/06,49.53
M3500,綠能環保,2024/06,19.35
M3600,數位雲端,2024/06,14.81
M3700,運動休閒,2024/06,102.2
M3800,居家生活,2024/06,88.89
M9700,油電燃氣業指數,2024/06,44.66
M9900,其他類指數,2024/06,89.03
O1721,OTC 化學工業,2024/06,178.45
O1722,OTC 生技醫療,2024/06,129.77
O2324,OTC 半導體業,2024/06,125.07
O2325,OTC 電腦及週邊設備業,2024/06,96.62
O2326,OTC 光電業,2024/06,92.48
O2327,OTC 通信網路業,2024/06,112.25
O2328,OTC 電子零組件,2024/06,94.61
O2329,OTC 電子通路業,2024/06,53.68
O2330,OTC 資訊服務業,2024/06,51.45
O2331,OTC 其他電子業,2024/06,105.88
OTC12,OTC 食品工業,2024/06,59.32
OTC13,OTC 塑膠工業,2024/06,99.61
OTC14,OTC 紡織纖維,2024/06,121.97
OTC15,OTC 電機機械,2024/06,129.94
OTC16,OTC 電器電纜,2024/06,45.86
OTC17,OTC 化學生技,2024/06,136.59
OTC20,OTC 鋼鐵工業,2024/06,147.03
OTC23,OTC 電子類,2024/06,102.55
OTC25,OTC 建材營造,2024/06,"1,346.09"
OTC26,OTC 航運業,2024/06,12.69
OTC27,OTC 觀光餐旅,2024/06,20.01
OTC28,OTC 金融業,2024/06,
OTC30,OTC 證券類,2024/06,
OTC32,OTC 文化創意業,2024/06,52.57
OTC33,OTC 農業科技,2024/06,103.56
OTC35,OTC 綠能環保,2024/06,47.86
OTC36,OTC 數位雲端,2024/06,20.48
OTC37,OTC 運動休閒,2024/06,95.34
OTC38,OTC 居家生活,2024/06,58.68
OTC55,OTC 非電子,2024/06,170.76
OTC86,OTC 不含金融電子,2024/06,200.87
OTC88,OTC 非金融,2024/06,138.63
OTC89,OTC 其它,2024/06,240.45
OTC97,OTC 油電燃氣業,2024/06,98.07
OTC99,OTC 指數,2024/06,123.74
T2810,銀行上市櫃及金控旗下,2024/06,
T2870,產險上市櫃及金控旗下,2024/06,
T2871,壽險上市櫃及金控旗下,2024/06,
Y5555,不含電子,2024/06,72.66
Y8886,未含金電,2024/06,115.94
Y8888,不含金融,2024/06,76.2
Y9999,加權指數,2024/06,72.45
